{"type": "block", "layer": 1, "block": 52, "features": [{"geom": {"pts": [[42.95905970454932, 7.064830494610255, 9.113855368499163]], "r": 0.20215867042866204}, "mtl": 0}, {"geom": {"pts": [[43.7846150669549, 5.529347790690054, 9.014710137996117]], "r": 0.20215867042866204}, "mtl": 0}, {"geom": {"pts": [[16.472095932524976, -9.265034767237259, 8.426665188352757]], "r": 0.20215867042866204}, "mtl": 0}]}